{
  "created_at": "2026-06-16T18:51:20",
  "model_name": "GradientBoostingClassifier",
  "random_state": 99,
  "test_size": 0.3,
  "baseline_majority_class_accuracy": 0.7591698841698842,
  "accuracy": 0.8655952502815027,
  "f1_score_positive_class_gt_50k": 0.6862604540023894,
  "roc_auc_positive_class_gt_50k": 0.9208498368337492,
  "confusion_matrix_labels": [
    "<=50K",
    ">50K"
  ],
  "confusion_matrix": [
    [
      7020,
      397
    ],
    [
      916,
      1436
    ]
  ],
  "classification_report": {
    "<=50K": {
      "precision": 0.8845766129032258,
      "recall": 0.9464743157610894,
      "f1-score": 0.9144792548687553,
      "support": 7417.0
    },
    ">50K": {
      "precision": 0.7834151663938898,
      "recall": 0.6105442176870748,
      "f1-score": 0.6862604540023894,
      "support": 2352.0
    },
    "accuracy": 0.8655952502815027,
    "macro avg": {
      "precision": 0.8339958896485578,
      "recall": 0.778509266724082,
      "f1-score": 0.8003698544355724,
      "support": 9769.0
    },
    "weighted avg": {
      "precision": 0.8602208219123404,
      "recall": 0.8655952502815027,
      "f1-score": 0.8595329328667395,
      "support": 9769.0
    }
  }
}